{
    "users": [
        {
            "username": "richard",
            "email": "richard@sample.com",
            "age": 20
        },
        {
            "username": "michael",
            "email": "michael@sample.com",
            "age": 23
        },
        {
            "username": "diego",
            "email": "diego@sample.com",
            "age": 24
        },
        {
            "username": "rene",
            "email": "rene@sample.com",
            "age": 22
        },
        {
            "username": "agustin",
            "email": "agustin@sample.com",
            "age": 32
        }
    ]
}